{"1": 1.5777218104420324e-30, "2": 1.5619445923375915e-28, "3": 7.65352850245419e-27, "4": 2.4746408824601844e-25, "5": 5.939138117904488e-24, "6": 1.128436242401846e-22, "7": 1.7678834464295843e-21, "8": 2.3487594359707405e-20, "9": 2.7010733513663437e-19, "10": 2.731085277492626e-18, "11": 2.4579767497433474e-17, "12": 1.9887266429741785e-16, "13": 1.4583995381810574e-15, "14": 9.760058447827067e-15, "15": 5.995464475093757e-14, "16": 3.397429869219831e-13, "17": 1.7836506813403945e-12, "18": 8.70841215007375e-12, "19": 3.967165535033578e-11, "20": 1.6912653070406288e-10, "21": 6.765061228162505e-10, "22": 2.544951604880187e-09, "23": 9.023010235484353e-09, "24": 3.0207469049230224e-08, "25": 9.565698532256177e-08, "26": 2.8697095596768697e-07, "27": 8.167634900618796e-07, "28": 2.208286473130264e-06, "29": 5.678450930906347e-06, "30": 1.3902414348081177e-05, "31": 3.243896681218931e-05, "32": 7.220286161422747e-05, "33": 0.00015343108093023345, "34": 0.000311511588555324, "35": 0.0006046989660191562, "36": 0.0011230123654641512, "37": 0.0019964664274918164, "38": 0.0033993887819455367, "39": 0.005546371170542693, "40": 0.00867509336931038, "41": 0.013012640053965581, "42": 0.018725506419121202, "43": 0.025859032674024552, "44": 0.034278252614404654, "45": 0.0436268669637877, "46": 0.0533217262890738, "47": 0.06259506999152145, "48": 0.07058592999043908, "49": 0.07646809082297559, "50": 0.07958923738717874, "51": 0.07958923738717874, "52": 0.07646809082297559, "53": 0.07058592999043907, "54": 0.06259506999152152, "55": 0.053321726289073806, "56": 0.04362686696378769, "57": 0.034278252614404654, "58": 0.025859032674024552, "59": 0.0187255064191212, "60": 0.013012640053965577, "61": 0.00867509336931038, "62": 0.005546371170542695, "63": 0.0033993887819455367, "64": 0.0019964664274918164, "65": 0.0011230123654641508, "66": 0.0006046989660191562, "67": 0.00031151158855532404, "68": 0.00015343108093023345, "69": 7.220286161422747e-05, "70": 3.243896681218931e-05, "71": 1.3902414348081177e-05, "72": 5.678450930906346e-06, "73": 2.2082864731302644e-06, "74": 8.167634900618796e-07, "75": 2.86970955967687e-07, "76": 9.565698532256179e-08, "77": 3.0207469049230224e-08, "78": 9.023010235484353e-09, "79": 2.544951604880187e-09, "80": 6.765061228162505e-10, "81": 1.6912653070406288e-10, "82": 3.967165535033578e-11, "83": 8.70841215007375e-12, "84": 1.7836506813403943e-12, "85": 3.3974298692198304e-13, "86": 5.995464475093757e-14, "87": 9.760058447827067e-15, "88": 1.4583995381810574e-15, "89": 1.988726642974179e-16, "90": 2.4579767497433474e-17, "91": 2.731085277492626e-18, "92": 2.7010733513663437e-19, "93": 2.3487594359707405e-20, "94": 1.7678834464295843e-21, "95": 1.1284362424018457e-22, "96": 5.939138117904488e-24, "97": 2.4746408824601844e-25, "98": 7.65352850245419e-27, "99": 1.5619445923375915e-28, "100": 1.5777218104420233e-30}