{"1": 6.11962943502691e-05, "2": 0.00010383848237880298, "3": 0.00017227406982252806, "4": 0.0002794537033342658, "5": 0.00044322903162325936, "6": 0.0006873451981452911, "7": 0.001042197389685956, "8": 0.0015450887605145223, "9": 0.002239676327715472, "10": 0.0031742816629936345, "11": 0.004398798163132237, "12": 0.0059600648320016604, "13": 0.007895803050471719, "14": 0.010227512150781496, "15": 0.012953051000240088, "16": 0.016039931933319387, "17": 0.019420541748022768, "18": 0.02299050624757238, "19": 0.026611178154057277, "20": 0.030116745888680473, "21": 0.033325782906954704, "22": 0.03605629109865599, "23": 0.03814258440431704, "24": 0.03945186648594197, "25": 0.03989820593584625, "26": 0.03945186648597514, "27": 0.03814258440442623, "28": 0.0360562910989771, "29": 0.03332578290786985, "30": 0.030116745891228165, "31": 0.026611178160991355, "32": 0.022990506266024877, "33": 0.019420541796034724, "34": 0.016039932055463304, "35": 0.01295305130406452, "36": 0.01022751288970915, "37": 0.007895804807624456, "38": 0.005960068917504179, "39": 0.004398807450867457, "40": 0.0031743023074068486, "41": 0.002239721194364539, "42": 0.001545184100065138, "43": 0.0010423954743897738, "44": 0.0006877475973877696, "45": 0.0004440282983663915, "46": 0.00028100592844573546, "47": 0.00017522151707413777, "48": 0.0001093107301400063, "49": 7.113005832727044e-05, "50": 5.289462600840347e-05, "51": 5.046567512913723e-05, "52": 6.286373671180813e-05, "53": 9.20319294144835e-05, "54": 0.00014283130189007224, "55": 0.00022321304929789407, "56": 0.0003444773975576025, "57": 0.0005214948642506136, "58": 0.0007727350593584927, "59": 0.00111992789715587, "60": 0.0015871821203232456, "61": 0.0021994176570365592, "62": 0.0029800405870058673, "63": 0.003947905039541334, "64": 0.0051137575532460506, "65": 0.006476526107768912, "66": 0.008019966210947532, "67": 0.009710270970035292, "68": 0.011495253160691193, "69": 0.013305589090896816, "70": 0.015058372949435668, "71": 0.01666289145530781, "72": 0.01802814554997078, "73": 0.01907129220237873, "74": 0.01972593324304318, "75": 0.01994910296794138, "76": 0.019725933242976848, "77": 0.01907129220216036, "78": 0.01802814554932856, "79": 0.016662891453477522, "80": 0.015058372944340287, "81": 0.013305589077028652, "82": 0.011495253123786192, "83": 0.009710270874011386, "84": 0.008019965966659694, "85": 0.006476525500120044, "86": 0.005113756075390748, "87": 0.003947901525235859, "88": 0.0029800324160008302, "89": 0.0021993990815661183, "90": 0.0015871408314968173, "91": 0.001119838163857736, "92": 0.0007725443802572611, "93": 0.000521098694842978, "94": 0.00034367259907264555, "95": 0.00022161451581162968, "96": 0.0001397268516671329, "97": 8.613703491126403e-05, "98": 5.191924118940149e-05, "99": 3.059814717513455e-05, "100": 1.763154200280116e-05}