{"1": 0.0003186434452457097, "2": 0.00037943099584041517, "3": 0.00045019136645674837, "4": 0.0005322284163091891, "5": 0.0006269537357075633, "6": 0.0007358841865823658, "7": 0.000860636947001472, "8": 0.0010029217321418313, "9": 0.0011645298835912799, "10": 0.001347320051204628, "11": 0.0015532002381098246, "12": 0.0017841060405795897, "13": 0.0020419749906267198, "14": 0.0023287170000868265, "15": 0.0026461810097512745, "16": 0.002996118064269551, "17": 0.0033801411608167615, "18": 0.0037996823539708457, "19": 0.004255947737231477, "20": 0.004749871058875024, "21": 0.005282066861580514, "22": 0.005852784156279385, "23": 0.006461861745540233, "24": 0.007108686395022851, "25": 0.0077921551078324915, "26": 0.008510642781109141, "27": 0.009261976512705042, "28": 0.01004341777506224, "29": 0.010851653581272533, "30": 0.01168279763400336, "31": 0.012532402272229116, "32": 0.013395481815851895, "33": 0.01426654765831717, "34": 0.015139655177842546, "35": 0.016008462236019476, "36": 0.01686629871680405, "37": 0.017706246238863903, "38": 0.018521226860255577, "39": 0.019304099297239606, "40": 0.02004776090946679, "41": 0.020745253472117052, "42": 0.021389870571293945, "43": 0.021975264330225685, "44": 0.022495549107064264, "45": 0.02294539980476511, "46": 0.02332014250186185, "47": 0.023615835249691932, "48": 0.023829337084058374, "49": 0.02395836356226927, "50": 0.024001527452528336, "51": 0.02395836356226927, "52": 0.023829337084058374, "53": 0.023615835249691932, "54": 0.02332014250186185, "55": 0.02294539980476511, "56": 0.022495549107064264, "57": 0.021975264330225685, "58": 0.021389870571293945, "59": 0.020745253472117052, "60": 0.02004776090946679, "61": 0.019304099297239606, "62": 0.018521226860255577, "63": 0.017706246238863903, "64": 0.01686629871680405, "65": 0.016008462236019476, "66": 0.015139655177842546, "67": 0.01426654765831717, "68": 0.013395481815851895, "69": 0.012532402272229116, "70": 0.01168279763400336, "71": 0.010851653581272533, "72": 0.01004341777506224, "73": 0.009261976512705042, "74": 0.008510642781109141, "75": 0.0077921551078324915, "76": 0.007108686395022851, "77": 0.006461861745540233, "78": 0.005852784156279385, "79": 0.005282066861580514, "80": 0.004749871058875024, "81": 0.004255947737231477, "82": 0.0037996823539708457, "83": 0.0033801411608167615, "84": 0.002996118064269551, "85": 0.0026461810097512745, "86": 0.0023287170000868265, "87": 0.0020419749906267198, "88": 0.0017841060405795897, "89": 0.0015532002381098246, "90": 0.001347320051204628, "91": 0.0011645298835912799, "92": 0.0010029217321418313, "93": 0.000860636947001472, "94": 0.0007358841865823658, "95": 0.0006269537357075633, "96": 0.0005322284163091891, "97": 0.00045019136645674837, "98": 0.00037943099584041517, "99": 0.0003186434452457097, "100": 0.00026663288538266496}