{"1": 0.009446135178743079, "2": 0.009474464103294918, "3": 0.009502746755623301, "4": 0.009530959409593696, "5": 0.009559077973619122, "6": 0.009587078022695598, "7": 0.009614934831705139, "8": 0.00964262340992898, "9": 0.009670118536709217, "10": 0.009697394798192692, "11": 0.009724426625086836, "12": 0.009751188331352991, "13": 0.009777654153759021, "14": 0.009803798292209195, "15": 0.009829594950765921, "16": 0.00985501837927467, "17": 0.009880042915500308, "18": 0.009904643027680378, "19": 0.009928793357398357, "20": 0.009952468762677606, "21": 0.009975644361194882, "22": 0.009998295573510606, "23": 0.010020398166211718, "24": 0.010041928294862015, "25": 0.0100628625466541, "26": 0.010083177982656776, "27": 0.0101028521795517, "28": 0.01012186327075338, "29": 0.010140189986807371, "30": 0.010157811694962432, "31": 0.010174708437813861, "32": 0.01019086097091684, "33": 0.010206250799270749, "34": 0.010220860212577716, "35": 0.010234672319181416, "36": 0.010247671078595132, "37": 0.010259841332531472, "38": 0.010271168834349724, "39": 0.010281640276840824, "40": 0.010291243318274098, "41": 0.010299966606634403, "42": 0.010307799801983077, "43": 0.010314733596881027, "44": 0.010320759734817511, "45": 0.010325871026593509, "46": 0.010330061364614205, "47": 0.01033332573505079, "48": 0.010335660227837693, "49": 0.010337062044477333, "50": 0.010337529503630585, "51": 0.010337062044477333, "52": 0.010335660227837693, "53": 0.01033332573505079, "54": 0.010330061364614205, "55": 0.010325871026593509, "56": 0.010320759734817511, "57": 0.010314733596881027, "58": 0.010307799801983077, "59": 0.010299966606634403, "60": 0.010291243318274098, "61": 0.010281640276840824, "62": 0.010271168834349724, "63": 0.010259841332531472, "64": 0.010247671078595132, "65": 0.010234672319181416, "66": 0.010220860212577716, "67": 0.010206250799270749, "68": 0.01019086097091684, "69": 0.010174708437813861, "70": 0.010157811694962432, "71": 0.010140189986807371, "72": 0.01012186327075338, "73": 0.0101028521795517, "74": 0.010083177982656776, "75": 0.0100628625466541, "76": 0.010041928294862015, "77": 0.010020398166211718, "78": 0.009998295573510606, "79": 0.009975644361194882, "80": 0.009952468762677606, "81": 0.009928793357398357, "82": 0.009904643027680378, "83": 0.009880042915500308, "84": 0.00985501837927467, "85": 0.009829594950765921, "86": 0.009803798292209195, "87": 0.009777654153759021, "88": 0.009751188331352991, "89": 0.009724426625086836, "90": 0.009697394798192692, "91": 0.009670118536709217, "92": 0.00964262340992898, "93": 0.009614934831705139, "94": 0.009587078022695598, "95": 0.009559077973619122, "96": 0.009530959409593696, "97": 0.009502746755623301, "98": 0.009474464103294918, "99": 0.009446135178743079, "100": 0.009417783311934805}