{"1": 0.00026663288538266496, "2": 0.0003186434452457097, "3": 0.00037943099584041517, "4": 0.00045019136645674837, "5": 0.0005322284163091891, "6": 0.0006269537357075633, "7": 0.0007358841865823658, "8": 0.000860636947001472, "9": 0.0010029217321418313, "10": 0.0011645298835912799, "11": 0.001347320051204628, "12": 0.0015532002381098246, "13": 0.0017841060405795897, "14": 0.0020419749906267198, "15": 0.0023287170000868265, "16": 0.0026461810097512745, "17": 0.002996118064269551, "18": 0.0033801411608167615, "19": 0.0037996823539708457, "20": 0.004255947737231477, "21": 0.004749871058875024, "22": 0.005282066861580514, "23": 0.005852784156279385, "24": 0.006461861745540233, "25": 0.007108686395022851, "26": 0.0077921551078324915, "27": 0.008510642781109141, "28": 0.009261976512705042, "29": 0.01004341777506224, "30": 0.010851653581272533, "31": 0.01168279763400336, "32": 0.012532402272229116, "33": 0.013395481815851895, "34": 0.01426654765831717, "35": 0.015139655177842546, "36": 0.016008462236019476, "37": 0.01686629871680405, "38": 0.017706246238863903, "39": 0.018521226860255577, "40": 0.019304099297239606, "41": 0.02004776090946679, "42": 0.020745253472117052, "43": 0.021389870571293945, "44": 0.021975264330225685, "45": 0.022495549107064264, "46": 0.02294539980476511, "47": 0.02332014250186185, "48": 0.023615835249691932, "49": 0.023829337084058374, "50": 0.02395836356226927, "51": 0.024001527452528336, "52": 0.02395836356226927, "53": 0.023829337084058374, "54": 0.023615835249691932, "55": 0.02332014250186185, "56": 0.02294539980476511, "57": 0.022495549107064264, "58": 0.021975264330225685, "59": 0.021389870571293945, "60": 0.020745253472117052, "61": 0.02004776090946679, "62": 0.019304099297239606, "63": 0.018521226860255577, "64": 0.017706246238863903, "65": 0.01686629871680405, "66": 0.016008462236019476, "67": 0.015139655177842546, "68": 0.01426654765831717, "69": 0.013395481815851895, "70": 0.012532402272229116, "71": 0.01168279763400336, "72": 0.010851653581272533, "73": 0.01004341777506224, "74": 0.009261976512705042, "75": 0.008510642781109141, "76": 0.0077921551078324915, "77": 0.007108686395022851, "78": 0.006461861745540233, "79": 0.005852784156279385, "80": 0.005282066861580514, "81": 0.004749871058875024, "82": 0.004255947737231477, "83": 0.0037996823539708457, "84": 0.0033801411608167615, "85": 0.002996118064269551, "86": 0.0026461810097512745, "87": 0.0023287170000868265, "88": 0.0020419749906267198, "89": 0.0017841060405795897, "90": 0.0015532002381098246, "91": 0.001347320051204628, "92": 0.0011645298835912799, "93": 0.0010029217321418313, "94": 0.000860636947001472, "95": 0.0007358841865823658, "96": 0.0006269537357075633, "97": 0.0005322284163091891, "98": 0.00045019136645674837, "99": 0.00037943099584041517, "100": 0.0003186434452457097}