{"1": 0.3000000000000001, "2": 0.21000000000000008, "3": 0.14700000000000002, "4": 0.1029, "5": 0.07203000000000001, "6": 0.050420999999999994, "7": 0.0352947, "8": 0.024706289999999995, "9": 0.017294402999999996, "10": 0.012106082099999997, "11": 0.008474257469999998, "12": 0.005931980228999998, "13": 0.004152386160299998, "14": 0.0029066703122099984, "15": 0.002034669218546999, "16": 0.001424268452982899, "17": 0.0009969879170880294, "18": 0.0006978915419616204, "19": 0.0004885240793731343, "20": 0.00034196685556119397, "21": 0.00023937679889283575, "22": 0.000167563759224985, "23": 0.00011729463145748952, "24": 8.210624202024266e-05, "25": 5.747436941416985e-05, "26": 4.02320585899189e-05, "27": 2.8162441012943228e-05, "28": 1.9713708709060258e-05, "29": 1.3799596096342178e-05, "30": 9.659717267439525e-06, "31": 6.761802087207667e-06, "32": 4.733261461045367e-06, "33": 3.3132830227317566e-06, "34": 2.3192981159122295e-06, "35": 1.6235086811385604e-06, "36": 1.136456076796992e-06, "37": 7.955192537578945e-07, "38": 5.568634776305261e-07, "39": 3.8980443434136825e-07, "40": 2.7286310403895775e-07, "41": 1.910041728272704e-07, "42": 1.337029209790893e-07, "43": 9.359204468536249e-08, "44": 6.551443127975374e-08, "45": 4.5860101895827614e-08, "46": 3.210207132707933e-08, "47": 2.247144992895553e-08, "48": 1.573001495026887e-08, "49": 1.1011010465188207e-08, "50": 7.707707325631744e-09, "51": 5.3953951279422205e-09, "52": 3.776776589559554e-09, "53": 2.643743612691688e-09, "54": 1.8506205288841814e-09, "55": 1.295434370218927e-09, "56": 9.068040591532487e-10, "57": 6.347628414072741e-10, "58": 4.443339889850919e-10, "59": 3.1103379228956427e-10, "60": 2.17723654602695e-10, "61": 1.5240655822188648e-10, "62": 1.0668459075532052e-10, "63": 7.467921352872437e-11, "64": 5.2275449470107056e-11, "65": 3.6592814629074936e-11, "66": 2.5614970240352454e-11, "67": 1.7930479168246716e-11, "68": 1.25513354177727e-11, "69": 8.78593479244089e-12, "70": 6.150154354708622e-12, "71": 4.3051080482960355e-12, "72": 3.0135756338072243e-12, "73": 2.109502943665057e-12, "74": 1.4766520605655397e-12, "75": 1.033656442395878e-12, "76": 7.235595096771143e-13, "77": 5.064916567739801e-13, "78": 3.54544159741786e-13, "79": 2.4818091181925023e-13, "80": 1.737266382734751e-13, "81": 1.216086467914326e-13, "82": 8.51260527540028e-14, "83": 5.958823692780196e-14, "84": 4.171176584946137e-14, "85": 2.919823609462296e-14, "86": 2.0438765266236066e-14, "87": 1.430713568636525e-14, "88": 1.0014994980455671e-14, "89": 7.0104964863189696e-15, "90": 4.907347540423279e-15, "91": 3.435143278296295e-15, "92": 2.404600294807406e-15, "93": 1.6832202063651843e-15, "94": 1.1782541444556288e-15, "95": 8.247779011189401e-16, "96": 5.77344530783258e-16, "97": 4.0414117154828067e-16, "98": 2.8289882008379644e-16, "99": 1.980291740586575e-16, "100": 1.3862042184106022e-16}