{"1": 0.010195627017766249, "2": 0.010033121224120967, "3": 0.01010615228135281, "4": 0.00990306920202039, "5": 0.009911061838937469, "6": 0.009827317360652007, "7": 0.009873013859267945, "8": 0.010026855154423623, "9": 0.010177657481373852, "10": 0.009818563974737262, "11": 0.010148598610024458, "12": 0.010213963171924722, "13": 0.009840499990169662, "14": 0.009983071821696205, "15": 0.009958303194629904, "16": 0.01019998751018392, "17": 0.010166067935508201, "18": 0.010141744816179698, "19": 0.009858524738378208, "20": 0.010150011831060277, "21": 0.010179845150520343, "22": 0.010009440485562932, "23": 0.009776865503626388, "24": 0.009869759529773727, "25": 0.010045210450443959, "26": 0.010055755503178962, "27": 0.010078632139215995, "28": 0.010201556439845319, "29": 0.009972283561446827, "30": 0.010023579155860699, "31": 0.009898681970634404, "32": 0.010240407047397641, "33": 0.010110476856927978, "34": 0.009807779545543353, "35": 0.009960494635452252, "36": 0.009901155967164678, "37": 0.009961035963267788, "38": 0.009899974877035913, "39": 0.010026677265550725, "40": 0.00976183975248582, "41": 0.010141131974890976, "42": 0.009926616499416226, "43": 0.010052761620996269, "44": 0.010140479547479788, "45": 0.010180273037252054, "46": 0.009958136174816496, "47": 0.009996256117540885, "48": 0.010227023431783255, "49": 0.01025591641110606, "50": 0.009882411316782382, "51": 0.009988953763365067, "52": 0.010218894011813098, "53": 0.009833856218799715, "54": 0.010128692878349915, "55": 0.009778263233810647, "56": 0.010077744627660257, "57": 0.009876911039213176, "58": 0.009800096722632873, "59": 0.009930335146674988, "60": 0.00986961091490628, "61": 0.009797127694212596, "62": 0.010074360828334737, "63": 0.009855903252122902, "64": 0.01017837670068173, "65": 0.00981871974353171, "66": 0.010199113714431505, "67": 0.009799764749225438, "68": 0.01006020172645378, "69": 0.010158559093033736, "70": 0.010008477081528185, "71": 0.009790337512423516, "72": 0.010135640265825077, "73": 0.010131296832505762, "74": 0.010205275516562412, "75": 0.009878349026511949, "76": 0.009899090607329079, "77": 0.010084995821270072, "78": 0.00992283672850111, "79": 0.009869066160111468, "80": 0.009941300884466932, "81": 0.009909919822245658, "82": 0.009856017018933965, "83": 0.010260378364105361, "84": 0.010173024686497606, "85": 0.009908135286317649, "86": 0.010220928094169125, "87": 0.009803502492849954, "88": 0.009903961102430412, "89": 0.01001848495961089, "90": 0.00980771698383941, "91": 0.00978005675398911, "92": 0.009809507004355919, "93": 0.009942056745462915, "94": 0.010035699651769574, "95": 0.010257120984555371, "96": 0.009872448258829086, "97": 0.009818127579094765, "98": 0.010102462346595951, "99": 0.010170363601925702, "100": 0.00996226481872396}