{"1": 0.020000000000000004, "2": 0.020000000000000004, "3": 0.020000000000000004, "4": 0.020000000000000004, "5": 0.020000000000000004, "6": 0.020000000000000004, "7": 0.020000000000000004, "8": 0.020000000000000004, "9": 0.020000000000000004, "10": 0.020000000000000004, "11": 0.00888888888888889, "12": 0.00888888888888889, "13": 0.00888888888888889, "14": 0.00888888888888889, "15": 0.00888888888888889, "16": 0.00888888888888889, "17": 0.00888888888888889, "18": 0.00888888888888889, "19": 0.00888888888888889, "20": 0.00888888888888889, "21": 0.00888888888888889, "22": 0.00888888888888889, "23": 0.00888888888888889, "24": 0.00888888888888889, "25": 0.00888888888888889, "26": 0.00888888888888889, "27": 0.00888888888888889, "28": 0.00888888888888889, "29": 0.00888888888888889, "30": 0.00888888888888889, "31": 0.00888888888888889, "32": 0.00888888888888889, "33": 0.00888888888888889, "34": 0.00888888888888889, "35": 0.00888888888888889, "36": 0.00888888888888889, "37": 0.00888888888888889, "38": 0.00888888888888889, "39": 0.00888888888888889, "40": 0.00888888888888889, "41": 0.00888888888888889, "42": 0.00888888888888889, "43": 0.00888888888888889, "44": 0.00888888888888889, "45": 0.00888888888888889, "46": 0.00888888888888889, "47": 0.00888888888888889, "48": 0.00888888888888889, "49": 0.00888888888888889, "50": 0.00888888888888889, "51": 0.00888888888888889, "52": 0.00888888888888889, "53": 0.00888888888888889, "54": 0.00888888888888889, "55": 0.00888888888888889, "56": 0.00888888888888889, "57": 0.00888888888888889, "58": 0.00888888888888889, "59": 0.00888888888888889, "60": 0.00888888888888889, "61": 0.00888888888888889, "62": 0.00888888888888889, "63": 0.00888888888888889, "64": 0.00888888888888889, "65": 0.00888888888888889, "66": 0.00888888888888889, "67": 0.00888888888888889, "68": 0.00888888888888889, "69": 0.00888888888888889, "70": 0.00888888888888889, "71": 0.00888888888888889, "72": 0.00888888888888889, "73": 0.00888888888888889, "74": 0.00888888888888889, "75": 0.00888888888888889, "76": 0.00888888888888889, "77": 0.00888888888888889, "78": 0.00888888888888889, "79": 0.00888888888888889, "80": 0.00888888888888889, "81": 0.00888888888888889, "82": 0.00888888888888889, "83": 0.00888888888888889, "84": 0.00888888888888889, "85": 0.00888888888888889, "86": 0.00888888888888889, "87": 0.00888888888888889, "88": 0.00888888888888889, "89": 0.00888888888888889, "90": 0.00888888888888889, "91": 0.00888888888888889, "92": 0.00888888888888889, "93": 0.00888888888888889, "94": 0.00888888888888889, "95": 0.00888888888888889, "96": 0.00888888888888889, "97": 0.00888888888888889, "98": 0.00888888888888889, "99": 0.00888888888888889, "100": 0.00888888888888889}