{"1": 0.01013265692644074, "2": 0.013603139536443428, "3": 0.009349589272804344, "4": 0.009856845740072737, "5": 0.010688293650974087, "6": 0.0155003544646598, "7": 0.00810040232127959, "8": 0.009431672451841426, "9": 0.00902995891636497, "10": 0.012940850126623401, "11": 0.008841539933555966, "12": 0.006672294838473293, "13": 0.007629615469490628, "14": 0.010168913698497116, "15": 0.006847131448310208, "16": 0.005485033672786215, "17": 0.004792375793005062, "18": 0.007382302709070629, "19": 0.004389126411158239, "20": 0.010795921209643669, "21": 0.011244422242447363, "22": 0.009453174018021522, "23": 0.007346278993034447, "24": 0.012524632745317968, "25": 0.010789655178396276, "26": 0.0088222191496116, "27": 0.011128523370636868, "28": 0.015961400839997756, "29": 0.013772775799034478, "30": 0.008395170914894777, "31": 0.006145672863922534, "32": 0.009986501691334991, "33": 0.005299826012053221, "34": 0.01353312314757315, "35": 0.012963558862300727, "36": 0.007518256725301599, "37": 0.009580550701116883, "38": 0.011607241041245185, "39": 0.007867811661234913, "40": 0.008898327576379024, "41": 0.003195016738656382, "42": 0.011710959516430386, "43": 0.009432087650572423, "44": 0.007434987428646485, "45": 0.012287492466317803, "46": 0.012792371125880006, "47": 0.011835428437465786, "48": 0.008547030275964264, "49": 0.0062329120248526965, "50": 0.008267237786598705, "51": 0.012040667977058921, "52": 0.006949260289161138, "53": 0.006886508091277439, "54": 0.013753113554922657, "55": 0.004904821569099045, "56": 0.009383424013083584, "57": 0.006009110371396575, "58": 0.009094298531412482, "59": 0.013589266629061084, "60": 0.008554926415388455, "61": 0.011814934801416283, "62": 0.013469228413309066, "63": 0.006708859390539322, "64": 0.00669753372856003, "65": 0.01256137939435831, "66": 0.007535750353764645, "67": 0.012262108575093023, "68": 0.004514684353247266, "69": 0.013965622793931518, "70": 0.005496707641504833, "71": 0.012395567220287989, "72": 0.012044504862258358, "73": 0.012028598642454704, "74": 0.009133872076882443, "75": 0.009685494111591916, "76": 0.006041301063368602, "77": 0.0073853742351693615, "78": 0.012275588022224495, "79": 0.011467279902812511, "80": 0.007159855373324271, "81": 0.013834825514959676, "82": 0.01393169414162004, "83": 0.012592931183928076, "84": 0.011830992477711862, "85": 0.015286877749108778, "86": 0.006746231161819327, "87": 0.014593084960428597, "88": 0.013256911233577983, "89": 0.007054487627148781, "90": 0.009525772632490987, "91": 0.007233852739861993, "92": 0.013633978943926603, "93": 0.012122684099768648, "94": 0.006479789479110656, "95": 0.014844030652579611, "96": 0.010487257564774427, "97": 0.015189338667780376, "98": 0.014297353412316919, "99": 0.014918995195333129, "100": 0.010116602587057532}