{"1": 0.27754393596871074, "2": 0.12080801489849227, "3": 0.07426535087220144, "4": 0.0525847427102845, "5": 0.0402316401134372, "6": 0.03232587151758964, "7": 0.026866685708646094, "8": 0.022888838693609966, "9": 0.01987196124794083, "10": 0.01751183848153985, "11": 0.015619262389463352, "12": 0.014070652829337896, "13": 0.012782026692514903, "14": 0.011694404188780894, "15": 0.010765203205612042, "16": 0.00996294570895814, "17": 0.009263882484784259, "18": 0.008649773529096821, "19": 0.008106388653621222, "20": 0.007622470427227631, "21": 0.007189001748359946, "22": 0.006798678835708644, "23": 0.006445525630279642, "24": 0.0061246073732621545, "25": 0.005831814918123821, "26": 0.0055637002686174716, "27": 0.005317349735803603, "28": 0.005090285076977881, "29": 0.004880385694428146, "30": 0.004685826857321403, "31": 0.0045050302377815845, "32": 0.004336623999511106, "33": 0.004179410361353548, "34": 0.004032339057719017, "35": 0.0038944854864093738, "36": 0.0037650326090695706, "37": 0.003643255876072961, "38": 0.0035285106043536313, "39": 0.00342022135653679, "40": 0.0033178729620655313, "41": 0.0032210028927005725, "42": 0.003129194760785787, "43": 0.0030420727527328407, "44": 0.0029592968450477992, "45": 0.002880558677979751, "46": 0.002805577984089774, "47": 0.0027340994869173153, "48": 0.002665890199380482, "49": 0.0026007370632970474, "50": 0.0025384448810057167, "51": 0.002478834497932987, "52": 0.002421741201427869, "53": 0.0023670133065415225, "54": 0.0023145109038731617, "55": 0.002264104748305786, "56": 0.0022156752705504747, "57": 0.002169111696014438, "58": 0.0021243112576933847, "59": 0.0020811784916339453, "60": 0.0020396246050746274, "61": 0.001999566908701226, "62": 0.001960928305583415, "63": 0.0019236368303251641, "64": 0.0018876252327889417, "65": 0.001852830601464056, "66": 0.001819194022160995, "67": 0.001786660268241331, "68": 0.001755177519049126, "69": 0.001724697103605425, "70": 0.0016951732669711304, "71": 0.0016665629569827904, "72": 0.0016388256293268953, "73": 0.0016119230691464671, "74": 0.0015858192275736154, "75": 0.0015604800717571093, "76": 0.0015358734471082008, "77": 0.0015119689506237204, "78": 0.001488737814265268, "79": 0.0014661527974791679, "80": 0.0014441880880355642, "81": 0.0014228192104481113, "82": 0.0014020229413094641, "83": 0.0013817772309433819, "84": 0.0013620611308326736, "85": 0.0013428547263343257, "86": 0.0013241390742396828, "87": 0.0013058961447791793, "88": 0.0012881087677084023, "89": 0.0012707605821456777, "90": 0.0012538359898614053, "91": 0.001237320111746336, "92": 0.0012211987472102786, "93": 0.0012054583362846177, "94": 0.0011900859242217564, "95": 0.0011750691284024553, "96": 0.0011603961073781476, "97": 0.0011460555318899346, "98": 0.001132036557719176, "99": 0.0011183288002366127, "100": 0.0011049223105278447}