{"1": 0.0029322320063532074, "2": 0.00022154099526948206, "3": 0.002656642970822266, "4": 0.023883256807253454, "5": 0.0012173157439065005, "6": 0.007451057880673569, "7": 0.007291448769427724, "8": 0.0033474777155320904, "9": 0.023518444243275895, "10": 0.014859384685526958, "11": 0.0005644529050879179, "12": 0.0028431807946667615, "13": 0.024921252516610558, "14": 0.0018159941562078522, "15": 0.0015615222421073254, "16": 0.00555326664018855, "17": 0.006278623925728147, "18": 0.02853553722766266, "19": 0.007953613707114532, "20": 0.009414372432165146, "21": 0.0010542083639147207, "22": 0.006321720910631499, "23": 0.006215397462391754, "24": 0.022301489252234196, "25": 0.003331468431722602, "26": 0.0029784181613407537, "27": 0.006867218468115259, "28": 6.631554094109711e-05, "29": 0.045025752590898645, "30": 0.03370784169207849, "31": 0.0028153428078479164, "32": 0.021767297080291213, "33": 0.0006688729145933824, "34": 0.0037734093381435363, "35": 0.010987839836426705, "36": 0.010155916485485496, "37": 0.006443846994086359, "38": 0.006121185120506461, "39": 0.001114231282757999, "40": 0.015863257265901508, "41": 0.011483572181504037, "42": 0.0039876451517388695, "43": 0.018335639837930448, "44": 0.005706539735868412, "45": 0.009808098379314704, "46": 1.7247234944927855e-05, "47": 0.007520004536228969, "48": 0.005029541368810246, "49": 0.01259634557312686, "50": 0.01517973914258343, "51": 0.013962425930849058, "52": 0.006449781461640213, "53": 0.0045925493283086195, "54": 0.01706176771564209, "55": 0.013904169790549308, "56": 0.01504836953541632, "57": 0.01172585812497437, "58": 0.0035379324197088845, "59": 0.0050694462624112455, "60": 0.006358237522489312, "61": 0.03002157456657872, "62": 0.007912805945972158, "63": 6.354761653240162e-05, "64": 0.0066085766992746596, "65": 0.009183435038401517, "66": 0.004049169431311511, "67": 0.012891742833741619, "68": 0.006015472448464001, "69": 0.0006652177091866208, "70": 0.009721281198901609, "71": 0.002135439335108607, "72": 0.0012639446241159552, "73": 0.013773638647354132, "74": 0.015513117486288756, "75": 0.0026001375982623643, "76": 0.0022207022878645497, "77": 0.008643274946416923, "78": 0.007365588557876337, "79": 0.012857043644706755, "80": 0.015323712799048811, "81": 0.00964966697985896, "82": 0.007828403223643862, "83": 0.0006540852719005568, "84": 0.010421068396525237, "85": 0.03306659798711597, "86": 0.005445693313467355, "87": 0.0008191246688622027, "88": 0.0008083283704352484, "89": 0.005084422500553059, "90": 0.0046155781688998225, "91": 0.02764311041158582, "92": 0.0161041525308743, "93": 0.0031155894693540034, "94": 0.0650391570797944, "95": 0.027342124199254296, "96": 0.008720549629329487, "97": 0.016949533707145772, "98": 0.004464337076203361, "99": 0.004451327679515908, "100": 0.007171166320341857}