{"1": 0.2211149874631144, "2": 0.1053212694971858, "3": 0.06824933719531705, "4": 0.05016652166262254, "5": 0.03951120510265813, "6": 0.03250845597678623, "7": 0.027565335190729796, "8": 0.023895267382754277, "9": 0.021065835839721683, "10": 0.018819937664649823, "11": 0.016995267612625813, "12": 0.015484395210612551, "13": 0.014213426683907168, "14": 0.013129892865753463, "15": 0.012195525916100488, "16": 0.011381769841115818, "17": 0.010666890447116382, "18": 0.010034057840737345, "19": 0.009470040309735372, "20": 0.008964293870081852, "21": 0.008508314510557051, "22": 0.008095168857356411, "23": 0.007719148503077731, "24": 0.007375511627179535, "25": 0.00706028725856831, "26": 0.006770125170750802, "27": 0.00650217947693933, "28": 0.006254017427081378, "29": 0.006023547270556857, "30": 0.005808960696903461, "31": 0.005608686533772774, "32": 0.0054213532178187165, "33": 0.0052457581610665036, "34": 0.005080842580447475, "35": 0.004925670688089976, "36": 0.004779412386828548, "37": 0.004641328801809016, "38": 0.004510760121030847, "39": 0.004387115326647492, "40": 0.0042698634831361566, "41": 0.004158526314109184, "42": 0.004052671851032625, "43": 0.003951908977758775, "44": 0.003855882727049819, "45": 0.00376427021104129, "46": 0.0036767770882879126, "47": 0.0035931344867381073, "48": 0.003513096315533048, "49": 0.0034364369095696936, "50": 0.0033629489598088168, "51": 0.0032924416897438745, "52": 0.003224739244585457, "53": 0.003159679264805071, "54": 0.0030971116199169295, "55": 0.0030368972819132824, "56": 0.0029789073207333503, "57": 0.002923022006638928, "58": 0.0028691300064731537, "59": 0.002817127662559206, "60": 0.0027669183445070147, "61": 0.002718411865482769, "62": 0.0026715239555946428, "63": 0.0026261757859886597, "64": 0.0025822935380559395, "65": 0.0025398080128473085, "66": 0.0024986542763905197, "67": 0.0024587713371236027, "68": 0.002420101852106938, "69": 0.0023825918590668223, "70": 0.0023461905316628684, "71": 0.0023108499556678272, "72": 0.002276524924007372, "73": 0.0022431727488341634, "74": 0.0022107530890095035, "75": 0.002179227791540866, "76": 0.0021485607456776276, "77": 0.002118717748503298, "78": 0.0020896663809826703, "79": 0.0020613758935286533, "80": 0.002033817100247871, "81": 0.002006962281107835, "82": 0.001980785091343003, "83": 0.0019552604774833583, "84": 0.0019303645994483691, "85": 0.0019060747582020276, "86": 0.0018823693285119909, "87": 0.0018592276963982155, "88": 0.0018366302008944685, "89": 0.0018145580797802596, "90": 0.0017929934189714022, "91": 0.0017719191052850834, "92": 0.0017513187823202075, "93": 0.0017311768092162793, "94": 0.0017114782220744105, "95": 0.0016922086978423958, "96": 0.0016733545204824674, "97": 0.0016549025492554065, "98": 0.001636840188968384, "99": 0.001619155362046354, "100": 0.0016018364822981063}