{"1": 0.01875000000000001, "2": 0.01875000000000001, "3": 0.01875000000000001, "4": 0.01875000000000001, "5": 0.01875000000000001, "6": 0.01875000000000001, "7": 0.01875000000000001, "8": 0.01875000000000001, "9": 0.01875000000000001, "10": 0.01875000000000001, "11": 0.01875000000000001, "12": 0.01875000000000001, "13": 0.01875000000000001, "14": 0.01875000000000001, "15": 0.01875000000000001, "16": 0.01875000000000001, "17": 0.01875000000000001, "18": 0.01875000000000001, "19": 0.01875000000000001, "20": 0.01875000000000001, "21": 0.01875000000000001, "22": 0.01875000000000001, "23": 0.01875000000000001, "24": 0.01875000000000001, "25": 0.01875000000000001, "26": 0.01875000000000001, "27": 0.01875000000000001, "28": 0.01875000000000001, "29": 0.01875000000000001, "30": 0.01875000000000001, "31": 0.01875000000000001, "32": 0.01875000000000001, "33": 0.01875000000000001, "34": 0.01875000000000001, "35": 0.01875000000000001, "36": 0.01875000000000001, "37": 0.01875000000000001, "38": 0.01875000000000001, "39": 0.01875000000000001, "40": 0.01875000000000001, "41": 0.01875000000000001, "42": 0.01875000000000001, "43": 0.01875000000000001, "44": 0.01875000000000001, "45": 0.01875000000000001, "46": 0.01875000000000001, "47": 0.01875000000000001, "48": 0.01875000000000001, "49": 0.01875000000000001, "50": 0.01875000000000001, "51": 0.0012500000000000007, "52": 0.0012500000000000007, "53": 0.0012500000000000007, "54": 0.0012500000000000007, "55": 0.0012500000000000007, "56": 0.0012500000000000007, "57": 0.0012500000000000007, "58": 0.0012500000000000007, "59": 0.0012500000000000007, "60": 0.0012500000000000007, "61": 0.0012500000000000007, "62": 0.0012500000000000007, "63": 0.0012500000000000007, "64": 0.0012500000000000007, "65": 0.0012500000000000007, "66": 0.0012500000000000007, "67": 0.0012500000000000007, "68": 0.0012500000000000007, "69": 0.0012500000000000007, "70": 0.0012500000000000007, "71": 0.0012500000000000007, "72": 0.0012500000000000007, "73": 0.0012500000000000007, "74": 0.0012500000000000007, "75": 0.0012500000000000007, "76": 0.0012500000000000007, "77": 0.0012500000000000007, "78": 0.0012500000000000007, "79": 0.0012500000000000007, "80": 0.0012500000000000007, "81": 0.0012500000000000007, "82": 0.0012500000000000007, "83": 0.0012500000000000007, "84": 0.0012500000000000007, "85": 0.0012500000000000007, "86": 0.0012500000000000007, "87": 0.0012500000000000007, "88": 0.0012500000000000007, "89": 0.0012500000000000007, "90": 0.0012500000000000007, "91": 0.0012500000000000007, "92": 0.0012500000000000007, "93": 0.0012500000000000007, "94": 0.0012500000000000007, "95": 0.0012500000000000007, "96": 0.0012500000000000007, "97": 0.0012500000000000007, "98": 0.0012500000000000007, "99": 0.0012500000000000007, "100": 0.0012500000000000007}